Epoch,Loss,Mae,Msssim,Val-Loss,Val-Mae,Val-Msssim,Learning-Rate,Time
1.0,1.0026458303133647,1.0088193813959758,1.0,1.0030506253242493,1.0101689100265503,1.0,1e-07,6.512897968292236
2.0,0.9716837803522745,0.9727576772371928,0.971223513285319,0.9293408095836639,0.9293407499790192,0.9293407797813416,0.0001,3.6441566944122314
